id,logMAR,totalAttempt,totalCorrect,meanResponseTime,percCorrect
ad378,1,1,1,8531.7,1
ad378,0.9,1,1,8129.9,1
ad378,0.8,1,1,1691.9,1
ad378,0.7,1,1,1466.5,1
ad378,0.6,1,1,1231.5,1
ad378,0.5,1,1,6511.2,1
ad378,0.4,1,1,3057.5,1
ad378,0.3,2,2,1471.45,1
ad378,0.2,4,4,1527,1
ad378,0.1,10,9,2213.77,0.9
ad378,0,9,7,1832.866667,0.777777778
ad378,-0.1,7,1,3743.328571,0.142857143
ad378,-0.2,1,0,14047.1,0
